{
    "Linear Regression": {
        "RMSE": 51.39756921569735,
        "MAE": 39.278096708739035,
        "R2": 0.9931552091510963
    },
    "Ridge Regression": {
        "RMSE": 51.4385673693786,
        "MAE": 39.402836250242444,
        "R2": 0.9931442850660233
    },
    "Random Forest": {
        "RMSE": 881.5902535202483,
        "MAE": 705.009380794702,
        "R2": -1.0137640451899328
    }
}